electrode,muscle,condition,mesh,lead_field,db_rel_best_jaw
above_ear,masseter,iso,truncated,0.2090958850337306,-5.4192
above_ear,temporalis,iso,truncated,0.2926997712910638,2.3353
above_ear,medial_pterygoid,iso,truncated,0.2113265224246547,-4.929
above_ear,lateral_pterygoid,iso,truncated,0.2107801007772484,-0.1908
above_ear,orbicularis_oris,iso,truncated,0.1813308094763946,-13.6961
above_ear,buccinator,iso,truncated,0.1996606515274459,-14.8122
above_ear,mentalis,iso,truncated,0.0889763628385571,-26.6942
above_ear,depressor_anguli_oris,iso,truncated,0.1507527953774619,-19.5437
above_ear,platysma,iso,truncated,0.1532570068771578,-14.9
above_ear,sternocleidomastoid,iso,truncated,0.1685953690231845,-3.8116
buccal,masseter,iso,truncated,0.3536956526764356,-0.8536
buccal,temporalis,iso,truncated,0.1471772076384446,-3.6364
buccal,medial_pterygoid,iso,truncated,0.2567363614586443,-3.2383
buccal,lateral_pterygoid,iso,truncated,0.1779283793804331,-1.6625
buccal,orbicularis_oris,iso,truncated,0.5721206264944815,-3.7158
buccal,buccinator,iso,truncated,0.6572532945305644,-4.4634
buccal,mentalis,iso,truncated,0.549707720399676,-10.8771
buccal,depressor_anguli_oris,iso,truncated,0.6474941426504339,-6.8843
buccal,platysma,iso,truncated,0.5615641769896715,-3.6204
buccal,sternocleidomastoid,iso,truncated,0.1929657182016274,-2.6389
cg01,masseter,iso,truncated,0.2467123833342452,-3.9823
cg01,temporalis,iso,truncated,0.3514178172482812,3.9233
cg01,medial_pterygoid,iso,truncated,0.2406268147983869,-3.8012
cg01,lateral_pterygoid,iso,truncated,0.2410794617026526,0.9758
cg01,orbicularis_oris,iso,truncated,0.207323709881085,-12.5326
cg01,buccinator,iso,truncated,0.2234638003109617,-13.8339
cg01,mentalis,iso,truncated,0.1020708677598332,-25.5017
cg01,depressor_anguli_oris,iso,truncated,0.1692937675618718,-18.5362
cg01,platysma,iso,truncated,0.1715066010425764,-13.9228
cg01,sternocleidomastoid,iso,truncated,0.1735474655796685,-3.5601
cg02,masseter,iso,truncated,0.2087477128858466,-5.4337
cg02,temporalis,iso,truncated,0.2997234057445765,2.5412
cg02,medial_pterygoid,iso,truncated,0.2107979025182509,-4.9507
cg02,lateral_pterygoid,iso,truncated,0.2091786549142286,-0.2571
cg02,orbicularis_oris,iso,truncated,0.181238645606035,-13.7005
cg02,buccinator,iso,truncated,0.1981221443521955,-14.8794
cg02,mentalis,iso,truncated,0.0888236658950028,-26.7091
cg02,depressor_anguli_oris,iso,truncated,0.1503840982203024,-19.565
cg02,platysma,iso,truncated,0.1523412876326624,-14.9521
cg02,sternocleidomastoid,iso,truncated,0.165783177464466,-3.9577
cg03,masseter,iso,truncated,0.1906040012524672,-6.2235
cg03,temporalis,iso,truncated,0.2659707714574402,1.5035
cg03,medial_pterygoid,iso,truncated,0.202936893312763,-5.2808
cg03,lateral_pterygoid,iso,truncated,0.1955094289058936,-0.8441
cg03,orbicularis_oris,iso,truncated,0.1753869914300448,-13.9856
cg03,buccinator,iso,truncated,0.1930931117758304,-15.1027
cg03,mentalis,iso,truncated,0.0858740845367875,-27.0025
cg03,depressor_anguli_oris,iso,truncated,0.146336687611351,-19.8019
cg03,platysma,iso,truncated,0.149611594355365,-15.1091
cg03,sternocleidomastoid,iso,truncated,0.1741974054510319,-3.5277
cg04,masseter,iso,truncated,0.190914618303274,-6.2094
cg04,temporalis,iso,truncated,0.2492531079735728,0.9396
cg04,medial_pterygoid,iso,truncated,0.2161908117818379,-4.7313
cg04,lateral_pterygoid,iso,truncated,0.1978835880544921,-0.7392
cg04,orbicularis_oris,iso,truncated,0.1846922254226724,-13.5366
cg04,buccinator,iso,truncated,0.2074600562719349,-14.4794
cg04,mentalis,iso,truncated,0.0901765343292578,-26.5778
cg04,depressor_anguli_oris,iso,truncated,0.1549357007229648,-19.306
cg04,platysma,iso,truncated,0.162546738167386,-14.3889
cg04,sternocleidomastoid,iso,truncated,0.2070363099136629,-2.0276
cg05,masseter,iso,truncated,0.1744531150838939,-6.9926
cg05,temporalis,iso,truncated,0.2032045649801215,-0.8345
cg05,medial_pterygoid,iso,truncated,0.2014866420513055,-5.3431
cg05,lateral_pterygoid,iso,truncated,0.1703738447221797,-2.0394
cg05,orbicularis_oris,iso,truncated,0.1666584814186771,-14.429
cg05,buccinator,iso,truncated,0.1921488571034575,-15.1453
cg05,mentalis,iso,truncated,0.0819587190569984,-27.4078
cg05,depressor_anguli_oris,iso,truncated,0.1406619034551463,-20.1455
cg05,platysma,iso,truncated,0.1539978827769626,-14.8581
cg05,sternocleidomastoid,iso,truncated,0.2127805265496242,-1.7899
cg06,masseter,iso,truncated,0.2030694709692708,-5.6733
cg06,temporalis,iso,truncated,0.1948030265765542,-1.2013
cg06,medial_pterygoid,iso,truncated,0.2234045942139648,-4.4462
cg06,lateral_pterygoid,iso,truncated,0.1745245257377042,-1.8303
cg06,orbicularis_oris,iso,truncated,0.1801835918458103,-13.7513
cg06,buccinator,iso,truncated,0.214327274160515,-14.1965
cg06,mentalis,iso,truncated,0.0900130104848266,-26.5936
cg06,depressor_anguli_oris,iso,truncated,0.1518328465889884,-19.4817
cg06,platysma,iso,truncated,0.1780234340382699,-13.5989
cg06,sternocleidomastoid,iso,truncated,0.2604699385462637,-0.0334
cg07,masseter,iso,truncated,0.2273843234967816,-4.6909
cg07,temporalis,iso,truncated,0.1820806826732959,-1.7879
cg07,medial_pterygoid,iso,truncated,0.2385736344298376,-3.8756
cg07,lateral_pterygoid,iso,truncated,0.1733007313780085,-1.8914
cg07,orbicularis_oris,iso,truncated,0.1873440494263287,-13.4128
cg07,buccinator,iso,truncated,0.2299868244750665,-13.584
cg07,mentalis,iso,truncated,0.0957293057122534,-26.0588
cg07,depressor_anguli_oris,iso,truncated,0.1595708317846726,-19.0499
cg07,platysma,iso,truncated,0.194974082405204,-12.8089
cg07,sternocleidomastoid,iso,truncated,0.2952896265400554,1.0565
cg08,masseter,iso,truncated,0.2760099926916736,-3.0077
cg08,temporalis,iso,truncated,0.2042886067908236,-0.7883
cg08,medial_pterygoid,iso,truncated,0.287441495659074,-2.257
cg08,lateral_pterygoid,iso,truncated,0.2000776941848312,-0.6434
cg08,orbicularis_oris,iso,truncated,0.2259365520962409,-11.7858
cg08,buccinator,iso,truncated,0.2858786635833124,-11.6944
cg08,mentalis,iso,truncated,0.1182449417980646,-24.2241
cg08,depressor_anguli_oris,iso,truncated,0.2002384307754993,-17.078
cg08,platysma,iso,truncated,0.2394080227872384,-11.0257
cg08,sternocleidomastoid,iso,truncated,0.3497822586039121,2.5274
cg09,masseter,iso,truncated,0.288454944320044,-2.6246
cg09,temporalis,iso,truncated,0.2110230107199067,-0.5066
cg09,medial_pterygoid,iso,truncated,0.2977935064119658,-1.9497
cg09,lateral_pterygoid,iso,truncated,0.2170331852962924,0.0631
cg09,orbicularis_oris,iso,truncated,0.2456222026106096,-11.0602
cg09,buccinator,iso,truncated,0.3113557608274085,-10.9529
cg09,mentalis,iso,truncated,0.1294941717055674,-23.4347
cg09,depressor_anguli_oris,iso,truncated,0.2250684988475622,-16.0627
cg09,platysma,iso,truncated,0.2536264046118042,-10.5245
cg09,sternocleidomastoid,iso,truncated,0.3407096230097243,2.2992
cg10,masseter,iso,truncated,0.2917475997882987,-2.526
cg10,temporalis,iso,truncated,0.2240171543296635,0.0124
cg10,medial_pterygoid,iso,truncated,0.2918079400969795,-2.1261
cg10,lateral_pterygoid,iso,truncated,0.2411181065434722,0.9772
cg10,orbicularis_oris,iso,truncated,0.2659749484994579,-10.3687
cg10,buccinator,iso,truncated,0.3254762961776069,-10.5677
cg10,mentalis,iso,truncated,0.1396280793394888,-22.7802
cg10,depressor_anguli_oris,iso,truncated,0.238878333839624,-15.5455
cg10,platysma,iso,truncated,0.2551905800030303,-10.4711
cg10,sternocleidomastoid,iso,truncated,0.2849238348898316,0.7461
earlobe_ipsi,masseter,iso,truncated,0.2785350692377326,-2.9286
earlobe_ipsi,temporalis,iso,truncated,0.2120498815645207,-0.4644
earlobe_ipsi,medial_pterygoid,iso,truncated,0.2893716140390579,-2.1989
earlobe_ipsi,lateral_pterygoid,iso,truncated,0.234054268197487,0.7189
earlobe_ipsi,orbicularis_oris,iso,truncated,0.2443853124994754,-11.1041
earlobe_ipsi,buccinator,iso,truncated,0.3066100792960821,-11.0863
earlobe_ipsi,mentalis,iso,truncated,0.1268518307601582,-23.6138
earlobe_ipsi,depressor_anguli_oris,iso,truncated,0.2220564789170283,-16.1797
earlobe_ipsi,platysma,iso,truncated,0.2408791101556051,-10.9725
earlobe_ipsi,sternocleidomastoid,iso,truncated,0.3045223453376207,1.3239
hyoid,masseter,iso,truncated,0.2175331554461717,-5.0756
hyoid,temporalis,iso,truncated,0.1077324108016718,-6.3463
hyoid,medial_pterygoid,iso,truncated,0.3727363980569519,0.0
hyoid,lateral_pterygoid,iso,truncated,0.1862395635079921,-1.266
hyoid,orbicularis_oris,iso,truncated,0.2438419995784617,-11.1234
hyoid,buccinator,iso,truncated,0.3245558512697266,-10.5923
hyoid,mentalis,iso,truncated,0.3531477280014676,-14.7206
hyoid,depressor_anguli_oris,iso,truncated,0.539748211351476,-8.4652
hyoid,platysma,iso,truncated,0.7012828075098441,-1.6906
hyoid,sternocleidomastoid,iso,truncated,0.2614722217807565,0.0
mastoid,masseter,iso,truncated,0.2174469806208276,-5.0791
mastoid,temporalis,iso,truncated,0.192828241370601,-1.2898
mastoid,medial_pterygoid,iso,truncated,0.2324142795204711,-4.1028
mastoid,lateral_pterygoid,iso,truncated,0.1817417841262399,-1.4783
mastoid,orbicularis_oris,iso,truncated,0.1852278138847749,-13.5114
mastoid,buccinator,iso,truncated,0.2244844305161897,-13.7943
mastoid,mentalis,iso,truncated,0.0926043257122889,-26.3471
mastoid,depressor_anguli_oris,iso,truncated,0.1585760979023475,-19.1042
mastoid,platysma,iso,truncated,0.1790054597378698,-13.5511
mastoid,sternocleidomastoid,iso,truncated,0.2598868371703979,-0.0528
mental,masseter,iso,truncated,0.3902181340168615,0.0
mental,temporalis,iso,truncated,0.140958868859678,-4.0113
mental,medial_pterygoid,iso,truncated,0.2901021042109289,-2.177
mental,lateral_pterygoid,iso,truncated,0.2006606239991644,-0.6182
mental,orbicularis_oris,iso,truncated,0.8775622882420819,0.0
mental,buccinator,iso,truncated,1.0987588729378897,0.0
mental,mentalis,iso,truncated,1.9230256903943763,0.0
mental,depressor_anguli_oris,iso,truncated,1.4303742199598646,0.0
mental,platysma,iso,truncated,0.7434099223353668,-1.1839
mental,sternocleidomastoid,iso,truncated,0.1787587815665706,-3.3032
midjaw,masseter,iso,truncated,0.3389680444878913,-1.223
midjaw,temporalis,iso,truncated,0.2236965136612478,0.0
midjaw,medial_pterygoid,iso,truncated,0.2843313364295515,-2.3515
midjaw,lateral_pterygoid,iso,truncated,0.2154621837901101,0.0
midjaw,orbicularis_oris,iso,truncated,0.3885059287503965,-7.0776
midjaw,buccinator,iso,truncated,0.3437840404058402,-10.0923
midjaw,mentalis,iso,truncated,0.2129979743205207,-19.1122
midjaw,depressor_anguli_oris,iso,truncated,0.3163957113849406,-13.1044
midjaw,platysma,iso,truncated,0.3265623069325726,-8.3291
midjaw,sternocleidomastoid,iso,truncated,0.2362471398257941,-0.8812
post_lobule,masseter,iso,truncated,0.2681010082798264,-3.2602
post_lobule,temporalis,iso,truncated,0.1974460028402831,-1.0842
post_lobule,medial_pterygoid,iso,truncated,0.2790536649886584,-2.5143
post_lobule,lateral_pterygoid,iso,truncated,0.1933566258003631,-0.9402
post_lobule,orbicularis_oris,iso,truncated,0.2196004940272879,-12.0329
post_lobule,buccinator,iso,truncated,0.2780546060278389,-11.9354
post_lobule,mentalis,iso,truncated,0.1150902309230801,-24.4589
post_lobule,depressor_anguli_oris,iso,truncated,0.1951041412093178,-17.3037
post_lobule,platysma,iso,truncated,0.2329891213088374,-11.2617
post_lobule,sternocleidomastoid,iso,truncated,0.3401993558077994,2.2862
pre_tragus,masseter,iso,truncated,0.2875545587158534,-2.6517
pre_tragus,temporalis,iso,truncated,0.2924676993131349,2.3284
pre_tragus,medial_pterygoid,iso,truncated,0.2700178852950717,-2.8002
pre_tragus,lateral_pterygoid,iso,truncated,0.261804666780959,1.6921
pre_tragus,orbicularis_oris,iso,truncated,0.2483546009827203,-10.9641
pre_tragus,buccinator,iso,truncated,0.2745518935688358,-12.0456
pre_tragus,mentalis,iso,truncated,0.1247139637085968,-23.7614
pre_tragus,depressor_anguli_oris,iso,truncated,0.2000938516952758,-17.0843
pre_tragus,platysma,iso,truncated,0.2006237783486933,-12.5608
pre_tragus,sternocleidomastoid,iso,truncated,0.1931816015409487,-2.6292
submaxillary,masseter,iso,truncated,0.3374572074299634,-1.2618
submaxillary,temporalis,iso,truncated,0.1376676559994199,-4.2165
submaxillary,medial_pterygoid,iso,truncated,0.3198424418402582,-1.3293
submaxillary,lateral_pterygoid,iso,truncated,0.1857664931591551,-1.2881
submaxillary,orbicularis_oris,iso,truncated,0.5197246011356184,-4.5501
submaxillary,buccinator,iso,truncated,0.6357964259792424,-4.7517
submaxillary,mentalis,iso,truncated,0.5757734785099365,-10.4747
submaxillary,depressor_anguli_oris,iso,truncated,0.8008060874754256,-5.0384
submaxillary,platysma,iso,truncated,0.6952551656746071,-1.7656
submaxillary,sternocleidomastoid,iso,truncated,0.2115614039888658,-1.8398
submental_lat,masseter,iso,truncated,0.3190347975904526,-1.7494
submental_lat,temporalis,iso,truncated,0.1274458148199719,-4.8867
submental_lat,medial_pterygoid,iso,truncated,0.3007879330795304,-1.8628
submental_lat,lateral_pterygoid,iso,truncated,0.1829665243330241,-1.42
submental_lat,orbicularis_oris,iso,truncated,0.709300161147069,-1.849
submental_lat,buccinator,iso,truncated,0.8957730829326078,-1.7741
submental_lat,mentalis,iso,truncated,1.3201521707854915,-3.2672
submental_lat,depressor_anguli_oris,iso,truncated,1.231154112274293,-1.3027
submental_lat,platysma,iso,truncated,0.8519652206856391,0.0
submental_lat,sternocleidomastoid,iso,truncated,0.1809879096763253,-3.1955
submental_mid,masseter,iso,truncated,0.3308257174214755,-1.4342
submental_mid,temporalis,iso,truncated,0.1229522859643302,-5.1985
submental_mid,medial_pterygoid,iso,truncated,0.3028474917184749,-1.8036
submental_mid,lateral_pterygoid,iso,truncated,0.1840001472199687,-1.3711
submental_mid,orbicularis_oris,iso,truncated,0.7148859305583487,-1.7808
submental_mid,buccinator,iso,truncated,0.9051003424614342,-1.6841
submental_mid,mentalis,iso,truncated,1.7282880979747597,-0.9274
submental_mid,depressor_anguli_oris,iso,truncated,1.4241680919271325,-0.0378
submental_mid,platysma,iso,truncated,0.7956981554706415,-0.5935
submental_mid,sternocleidomastoid,iso,truncated,0.1787007496241064,-3.306
above_ear,masseter,aniso,truncated,0.2167500714334352,-5.107
above_ear,temporalis,aniso,truncated,0.2983304674769538,2.5008
above_ear,medial_pterygoid,aniso,truncated,0.3960952089630883,0.528
above_ear,lateral_pterygoid,aniso,truncated,0.1983202622283299,-0.7201
above_ear,orbicularis_oris,aniso,truncated,0.1872879464371623,-13.4154
above_ear,buccinator,aniso,truncated,0.2070400260367879,-14.497
above_ear,mentalis,aniso,truncated,0.0919324143565262,-26.4103
above_ear,depressor_anguli_oris,aniso,truncated,0.1556608579630311,-19.2654
above_ear,platysma,aniso,truncated,0.1575920741964031,-14.6577
above_ear,sternocleidomastoid,aniso,truncated,0.2879558518950655,0.838
buccal,masseter,aniso,truncated,0.3686716259331548,-0.4934
buccal,temporalis,aniso,truncated,0.1517341558471283,-3.3715
buccal,medial_pterygoid,aniso,truncated,0.5043625846172143,2.6268
buccal,lateral_pterygoid,aniso,truncated,0.1768628946460472,-1.7147
buccal,orbicularis_oris,aniso,truncated,0.5849897196102772,-3.5226
buccal,buccinator,aniso,truncated,0.6626334424076566,-4.3926
buccal,mentalis,aniso,truncated,0.5596579458032814,-10.7212
buccal,depressor_anguli_oris,aniso,truncated,0.6614375594886135,-6.6992
buccal,platysma,aniso,truncated,0.5641595008734328,-3.5804
buccal,sternocleidomastoid,aniso,truncated,0.3329595583401558,2.0993
cg01,masseter,aniso,truncated,0.2556499707176817,-3.6732
cg01,temporalis,aniso,truncated,0.3573851510134856,4.0695
cg01,medial_pterygoid,aniso,truncated,0.4460998527579451,1.5606
cg01,lateral_pterygoid,aniso,truncated,0.2288893550313054,0.5251
cg01,orbicularis_oris,aniso,truncated,0.2142337146759496,-12.2478
cg01,buccinator,aniso,truncated,0.2320785339546706,-13.5053
cg01,mentalis,aniso,truncated,0.1056427540062769,-25.2029
cg01,depressor_anguli_oris,aniso,truncated,0.1751969956906466,-18.2385
cg01,platysma,aniso,truncated,0.1758769058694591,-13.7043
cg01,sternocleidomastoid,aniso,truncated,0.3061677089796717,1.3707
cg02,masseter,aniso,truncated,0.2157832690783621,-5.1458
cg02,temporalis,aniso,truncated,0.3053923940993276,2.704
cg02,medial_pterygoid,aniso,truncated,0.3969438148877504,0.5465
cg02,lateral_pterygoid,aniso,truncated,0.1967537275652493,-0.789
cg02,orbicularis_oris,aniso,truncated,0.1871488504006727,-13.4218
cg02,buccinator,aniso,truncated,0.2057800395683337,-14.55
cg02,mentalis,aniso,truncated,0.0918472892936252,-26.4184
cg02,depressor_anguli_oris,aniso,truncated,0.1552410904296687,-19.2889
cg02,platysma,aniso,truncated,0.1568087735089954,-14.701
cg02,sternocleidomastoid,aniso,truncated,0.2883731818192038,0.8506
cg03,masseter,aniso,truncated,0.1975384305215129,-5.9131
cg03,temporalis,aniso,truncated,0.2733509980948211,1.7412
cg03,medial_pterygoid,aniso,truncated,0.3885267414217591,0.3604
cg03,lateral_pterygoid,aniso,truncated,0.1845371314850399,-1.3457
cg03,orbicularis_oris,aniso,truncated,0.1809789538494462,-13.713
cg03,buccinator,aniso,truncated,0.2014066043765002,-14.7366
cg03,mentalis,aniso,truncated,0.0886114605976266,-26.7299
cg03,depressor_anguli_oris,aniso,truncated,0.1515329512730527,-19.4989
cg03,platysma,aniso,truncated,0.1540327471339239,-14.8562
cg03,sternocleidomastoid,aniso,truncated,0.3052032588633736,1.3433
cg04,masseter,aniso,truncated,0.2005127939899045,-5.7833
cg04,temporalis,aniso,truncated,0.2564973736592293,1.1885
cg04,medial_pterygoid,aniso,truncated,0.414196773626806,0.9161
cg04,lateral_pterygoid,aniso,truncated,0.1886172901005654,-1.1558
cg04,orbicularis_oris,aniso,truncated,0.1907647630150353,-13.2556
cg04,buccinator,aniso,truncated,0.216772416618718,-14.098
cg04,mentalis,aniso,truncated,0.0931549403763455,-26.2956
cg04,depressor_anguli_oris,aniso,truncated,0.1611833347449947,-18.9626
cg04,platysma,aniso,truncated,0.1672227070679162,-14.1425
cg04,sternocleidomastoid,aniso,truncated,0.3564648198081517,2.6918
cg05,masseter,aniso,truncated,0.1845071207899503,-6.5059
cg05,temporalis,aniso,truncated,0.2092944163903987,-0.578
cg05,medial_pterygoid,aniso,truncated,0.3809794963702201,0.19
cg05,lateral_pterygoid,aniso,truncated,0.1627070109738241,-2.4393
cg05,orbicularis_oris,aniso,truncated,0.171966731630828,-14.1567
cg05,buccinator,aniso,truncated,0.2001342874220281,-14.7916
cg05,mentalis,aniso,truncated,0.0844136205892945,-27.1515
cg05,depressor_anguli_oris,aniso,truncated,0.1458424836411077,-19.8313
cg05,platysma,aniso,truncated,0.1578399715770741,-14.6441
cg05,sternocleidomastoid,aniso,truncated,0.3580924797901878,2.7314
cg06,masseter,aniso,truncated,0.2144010387327272,-5.2016
cg06,temporalis,aniso,truncated,0.2012886005027236,-0.9168
cg06,medial_pterygoid,aniso,truncated,0.4116513586805803,0.8626
cg06,lateral_pterygoid,aniso,truncated,0.1684156996172636,-2.1398
cg06,orbicularis_oris,aniso,truncated,0.1861161212292229,-13.4699
cg06,buccinator,aniso,truncated,0.222570526533357,-13.8687
cg06,mentalis,aniso,truncated,0.0925168389462618,-26.3553
cg06,depressor_anguli_oris,aniso,truncated,0.1580019124765026,-19.1357
cg06,platysma,aniso,truncated,0.1811823032315626,-13.4461
cg06,sternocleidomastoid,aniso,truncated,0.4224150672068925,4.1663
cg07,masseter,aniso,truncated,0.2385400610933061,-4.2749
cg07,temporalis,aniso,truncated,0.1885115466509653,-1.4864
cg07,medial_pterygoid,aniso,truncated,0.428028430938367,1.2014
cg07,lateral_pterygoid,aniso,truncated,0.1679785361241264,-2.1623
cg07,orbicularis_oris,aniso,truncated,0.1939926643692664,-13.1099
cg07,buccinator,aniso,truncated,0.2387773067974533,-13.2582
cg07,mentalis,aniso,truncated,0.0983705028414795,-25.8224
cg07,depressor_anguli_oris,aniso,truncated,0.166788677190855,-18.6657
cg07,platysma,aniso,truncated,0.1984242726050645,-12.6565
cg07,sternocleidomastoid,aniso,truncated,0.4697666050006963,5.0891
cg08,masseter,aniso,truncated,0.2898121086293204,-2.5838
cg08,temporalis,aniso,truncated,0.2127646802215292,-0.4352
cg08,medial_pterygoid,aniso,truncated,0.5125194753287315,2.7662
cg08,lateral_pterygoid,aniso,truncated,0.1993486269467035,-0.6752
cg08,orbicularis_oris,aniso,truncated,0.2351138679112163,-11.44
cg08,buccinator,aniso,truncated,0.2996761415874981,-11.285
cg08,mentalis,aniso,truncated,0.122192431373337,-23.9388
cg08,depressor_anguli_oris,aniso,truncated,0.2096609276181926,-16.6786
cg08,platysma,aniso,truncated,0.2475718882610525,-10.7344
cg08,sternocleidomastoid,aniso,truncated,0.5492027142948911,6.4461
cg09,masseter,aniso,truncated,0.3030136628698447,-2.1969
cg09,temporalis,aniso,truncated,0.2198612356552314,-0.1502
cg09,medial_pterygoid,aniso,truncated,0.5396518899820675,3.2142
cg09,lateral_pterygoid,aniso,truncated,0.2143431909620063,-0.0452
cg09,orbicularis_oris,aniso,truncated,0.2557940698548804,-10.7077
cg09,buccinator,aniso,truncated,0.324372958143438,-10.5972
cg09,mentalis,aniso,truncated,0.1341092025388331,-23.1305
cg09,depressor_anguli_oris,aniso,truncated,0.2352992464504641,-15.6766
cg09,platysma,aniso,truncated,0.2649081472434462,-10.1465
cg09,sternocleidomastoid,aniso,truncated,0.5323453885052392,6.1754
cg10,masseter,aniso,truncated,0.3036301105728805,-2.1793
cg10,temporalis,aniso,truncated,0.2323861196882964,0.331
cg10,medial_pterygoid,aniso,truncated,0.54834034179704,3.353
cg10,lateral_pterygoid,aniso,truncated,0.2320479347517451,0.6441
cg10,orbicularis_oris,aniso,truncated,0.2763217006452565,-10.0373
cg10,buccinator,aniso,truncated,0.3390142839137254,-10.2137
cg10,mentalis,aniso,truncated,0.1447732058734501,-22.4659
cg10,depressor_anguli_oris,aniso,truncated,0.2467956756753917,-15.2622
cg10,platysma,aniso,truncated,0.2666115087712979,-10.0909
cg10,sternocleidomastoid,aniso,truncated,0.4510621403101776,4.7362
earlobe_ipsi,masseter,aniso,truncated,0.2921840122609174,-2.513
earlobe_ipsi,temporalis,aniso,truncated,0.2203770979240434,-0.1299
earlobe_ipsi,medial_pterygoid,aniso,truncated,0.5327412469235707,3.1023
earlobe_ipsi,lateral_pterygoid,aniso,truncated,0.2260014522089912,0.4148
earlobe_ipsi,orbicularis_oris,aniso,truncated,0.2541451395928191,-10.7639
earlobe_ipsi,buccinator,aniso,truncated,0.3185027736245721,-10.7558
earlobe_ipsi,mentalis,aniso,truncated,0.1317483490744546,-23.2848
earlobe_ipsi,depressor_anguli_oris,aniso,truncated,0.2304129044896754,-15.8589
earlobe_ipsi,platysma,aniso,truncated,0.2524863945642281,-10.5637
earlobe_ipsi,sternocleidomastoid,aniso,truncated,0.4749678074018391,5.1848
hyoid,masseter,aniso,truncated,0.228658112746739,-4.6424
hyoid,temporalis,aniso,truncated,0.1102543894010844,-6.1453
hyoid,medial_pterygoid,aniso,truncated,0.6666901507940792,5.0504
hyoid,lateral_pterygoid,aniso,truncated,0.183095974406524,-1.4138
hyoid,orbicularis_oris,aniso,truncated,0.2522444228822624,-10.8291
hyoid,buccinator,aniso,truncated,0.3411877201658513,-10.1582
hyoid,mentalis,aniso,truncated,0.3644252467683017,-14.4475
hyoid,depressor_anguli_oris,aniso,truncated,0.5573882254478278,-8.1858
hyoid,platysma,aniso,truncated,0.7307792380579684,-1.3327
hyoid,sternocleidomastoid,aniso,truncated,0.3586431787792309,2.7447
mastoid,masseter,aniso,truncated,0.2290076189557125,-4.6292
mastoid,temporalis,aniso,truncated,0.1989469554240223,-1.0184
mastoid,medial_pterygoid,aniso,truncated,0.4223764907731022,1.086
mastoid,lateral_pterygoid,aniso,truncated,0.1758375030365787,-1.7652
mastoid,orbicularis_oris,aniso,truncated,0.1918795772339138,-13.205
mastoid,buccinator,aniso,truncated,0.2340020366723194,-13.4337
mastoid,mentalis,aniso,truncated,0.0955771914695093,-26.0726
mastoid,depressor_anguli_oris,aniso,truncated,0.165121632966485,-18.7529
mastoid,platysma,aniso,truncated,0.1856117674367437,-13.2363
mastoid,sternocleidomastoid,aniso,truncated,0.407564852291524,3.8554
mental,masseter,aniso,truncated,0.4041211408176854,0.3041
mental,temporalis,aniso,truncated,0.1447133016575278,-3.783
mental,medial_pterygoid,aniso,truncated,0.5872401574678142,3.9483
mental,lateral_pterygoid,aniso,truncated,0.2034696541968706,-0.4974
mental,orbicularis_oris,aniso,truncated,0.8949197256993556,0.1701
mental,buccinator,aniso,truncated,1.1170043804706933,0.143
mental,mentalis,aniso,truncated,1.9557630060078532,0.1466
mental,depressor_anguli_oris,aniso,truncated,1.4565372987312026,0.1574
mental,platysma,aniso,truncated,0.7611983760220005,-0.9785
mental,sternocleidomastoid,aniso,truncated,0.3224968124499949,1.822
midjaw,masseter,aniso,truncated,0.3481950210786789,-0.9897
midjaw,temporalis,aniso,truncated,0.2304451956363817,0.2582
midjaw,medial_pterygoid,aniso,truncated,0.5419128400115311,3.2506
midjaw,lateral_pterygoid,aniso,truncated,0.206788960984776,-0.3569
midjaw,orbicularis_oris,aniso,truncated,0.4006390416162699,-6.8105
midjaw,buccinator,aniso,truncated,0.3585852891867822,-9.7262
midjaw,mentalis,aniso,truncated,0.2194804583526158,-18.8518
midjaw,depressor_anguli_oris,aniso,truncated,0.3257673868074063,-12.8508
midjaw,platysma,aniso,truncated,0.3358469282986484,-8.0856
midjaw,sternocleidomastoid,aniso,truncated,0.3991261894786648,3.6737
post_lobule,masseter,aniso,truncated,0.2812027760704578,-2.8458
post_lobule,temporalis,aniso,truncated,0.2056085487122966,-0.7324
post_lobule,medial_pterygoid,aniso,truncated,0.4974025587556287,2.5061
post_lobule,lateral_pterygoid,aniso,truncated,0.1931466242996674,-0.9497
post_lobule,orbicularis_oris,aniso,truncated,0.2284244662741818,-11.6907
post_lobule,buccinator,aniso,truncated,0.2914774958229927,-11.5259
post_lobule,mentalis,aniso,truncated,0.1188657216142623,-24.1786
post_lobule,depressor_anguli_oris,aniso,truncated,0.2042086596714877,-16.9075
post_lobule,platysma,aniso,truncated,0.2411433494775279,-10.9629
post_lobule,sternocleidomastoid,aniso,truncated,0.5330110372027718,6.1862
pre_tragus,masseter,aniso,truncated,0.2973389394961562,-2.3611
pre_tragus,temporalis,aniso,truncated,0.2980918091216646,2.4938
pre_tragus,medial_pterygoid,aniso,truncated,0.4942832788805063,2.4515
pre_tragus,lateral_pterygoid,aniso,truncated,0.2530138496082141,1.3955
pre_tragus,orbicularis_oris,aniso,truncated,0.2567723559903856,-10.6746
pre_tragus,buccinator,aniso,truncated,0.2866868541988264,-11.6699
pre_tragus,mentalis,aniso,truncated,0.1289927179590436,-23.4684
pre_tragus,depressor_anguli_oris,aniso,truncated,0.2058218191071491,-16.8392
pre_tragus,platysma,aniso,truncated,0.209068909556041,-12.2026
pre_tragus,sternocleidomastoid,aniso,truncated,0.319814566215893,1.7495
submaxillary,masseter,aniso,truncated,0.3512766593491316,-0.9132
submaxillary,temporalis,aniso,truncated,0.1415359027583839,-3.9759
submaxillary,medial_pterygoid,aniso,truncated,0.5858298299650343,3.9274
submaxillary,lateral_pterygoid,aniso,truncated,0.1864876854197607,-1.2544
submaxillary,orbicularis_oris,aniso,truncated,0.5320011828432479,-4.3473
submaxillary,buccinator,aniso,truncated,0.6496375045538214,-4.5646
submaxillary,mentalis,aniso,truncated,0.5884832876388368,-10.285
submaxillary,depressor_anguli_oris,aniso,truncated,0.8214536958313372,-4.8173
submaxillary,platysma,aniso,truncated,0.7015506015449389,-1.6873
submaxillary,sternocleidomastoid,aniso,truncated,0.3494493246121085,2.5192
submental_lat,masseter,aniso,truncated,0.3310512329695349,-1.4282
submental_lat,temporalis,aniso,truncated,0.1309962407776522,-4.648
submental_lat,medial_pterygoid,aniso,truncated,0.5822326124695697,3.8739
submental_lat,lateral_pterygoid,aniso,truncated,0.1829072604648008,-1.4228
submental_lat,orbicularis_oris,aniso,truncated,0.72352472637639,-1.6765
submental_lat,buccinator,aniso,truncated,0.9130816170282896,-1.6079
submental_lat,mentalis,aniso,truncated,1.3417351681326894,-3.1264
submental_lat,depressor_anguli_oris,aniso,truncated,1.254007996537197,-1.143
submental_lat,platysma,aniso,truncated,0.8650759637913912,0.1326
submental_lat,sternocleidomastoid,aniso,truncated,0.3106340004911753,1.4965
submental_mid,masseter,aniso,truncated,0.3423076910385205,-1.1378
submental_mid,temporalis,aniso,truncated,0.1263819917250826,-4.9595
submental_mid,medial_pterygoid,aniso,truncated,0.5942110999122852,4.0508
submental_mid,lateral_pterygoid,aniso,truncated,0.1846532169778046,-1.3403
submental_mid,orbicularis_oris,aniso,truncated,0.7297775317046836,-1.6017
submental_mid,buccinator,aniso,truncated,0.9215135073194902,-1.528
submental_mid,mentalis,aniso,truncated,1.7584075920848674,-0.7773
submental_mid,depressor_anguli_oris,aniso,truncated,1.4487030373176728,0.1106
submental_mid,platysma,aniso,truncated,0.8136044693345647,-0.4002
submental_mid,sternocleidomastoid,aniso,truncated,0.3100989942392371,1.4815
