electrode,muscle,lf_absE,lf_median,lf_min,lf_max,envelope_db,lf_pca,pca_dominance,fibre_model,n_elements
above_ear,masseter,0.20909588503373064,0.1000017975199814,0.02868641180029471,0.13529058246538897,13.471826760463106,,,isotropic,32633
above_ear,temporalis,0.29269977129106384,0.13385230791178765,0.042494901943544536,0.20456955938969373,13.650083566317115,,,isotropic,200000
above_ear,medial_pterygoid,0.21132652242465472,0.1048532748150856,0.04576270794289711,0.14865215699417633,10.233190000970865,0.1213872830574931,2.536,pca,18993
above_ear,lateral_pterygoid,0.21078010077724846,0.10107089426986636,0.03175540266601404,0.1945978661455781,15.746408993090045,,,isotropic,16134
above_ear,orbicularis_oris,0.1813308094763946,0.08221971123593552,0.02304663809971189,0.1581644053405711,16.730023413535925,,,isotropic,25336
above_ear,buccinator,0.19966065152744597,0.09986187101710241,0.024871041530732902,0.16801145827592293,16.59289857278019,,,isotropic,17789
above_ear,mentalis,0.08897636283855717,0.04449224886415206,0.006839471137239439,0.07691643987084454,21.0199330652682,0.07332129796810291,2.174,pca,3226
above_ear,depressor_anguli_oris,0.15075279537746192,0.07654480091763281,0.02092529697549642,0.10497224260871926,14.008056904013209,,,isotropic,13347
above_ear,platysma,0.15325700687715788,0.06463016563874127,0.027791617136753054,0.12368217434168002,12.967865867187074,,,isotropic,37401
above_ear,sternocleidomastoid,0.1685953690231845,0.07604843748056117,0.025042132813388088,0.13078154638646294,14.357503073992586,0.08284852035452182,1.724,pca,45844
buccal,masseter,0.35369565267643566,0.15610700422456503,0.06312141797531126,0.31277968917381554,13.901235946361812,,,isotropic,32633
buccal,temporalis,0.1471772076384446,0.07058593635027968,0.019528221043262982,0.11058409046066087,15.060599359727371,,,isotropic,200000
buccal,medial_pterygoid,0.2567363614586443,0.11758892382646483,0.04663139778023029,0.21913585226302026,13.440700070635817,0.13479531976958847,2.536,pca,18993
buccal,lateral_pterygoid,0.17792837938043315,0.07569167638450743,0.022677555760246444,0.14882504317192677,16.34159547466351,,,isotropic,16134
buccal,orbicularis_oris,0.5721206264944815,0.2551756847543616,0.09399318396007494,0.4950411481891463,14.43089876023095,,,isotropic,25336
buccal,buccinator,0.6572532945305644,0.29622929723341995,0.08822432346080429,0.6191195558992215,16.923723708518036,,,isotropic,17789
buccal,mentalis,0.549707720399676,0.2757299348383606,0.04499404851799691,0.5126770167810639,21.13377552480731,0.4360949478507498,2.174,pca,3226
buccal,depressor_anguli_oris,0.6474941426504339,0.2897711386393721,0.121898970424615,0.5316583428539451,12.792651915009582,,,isotropic,13347
buccal,platysma,0.5615641769896715,0.24681462939979262,0.0771472334816781,0.49743681663045236,16.18835137293469,,,isotropic,37401
buccal,sternocleidomastoid,0.19296571820162742,0.08844390635707436,0.027318256007454793,0.14952826425280039,14.765406427415627,0.07847405333417497,1.724,pca,45844
cg01,masseter,0.24671238333424528,0.119023271079356,0.03612414764054123,0.17446832934150663,13.678379876499005,,,isotropic,32633
cg01,temporalis,0.3514178172482812,0.15578434661510748,0.05829226182249711,0.24834063444384616,12.588737588065385,,,isotropic,200000
cg01,medial_pterygoid,0.2406268147983869,0.11759014204399723,0.05110484810355457,0.16914355270566545,10.39586693032694,0.13231772587677687,2.536,pca,18993
cg01,lateral_pterygoid,0.24107946170265263,0.11435733530151124,0.03537483408869204,0.22366645378821076,16.018128808942357,,,isotropic,16134
cg01,orbicularis_oris,0.20732370988108506,0.0946471346273888,0.026426267797872917,0.18094770377960928,16.710344891554215,,,isotropic,25336
cg01,buccinator,0.22346380031096172,0.11345777780628943,0.027943957793083583,0.1879758599559688,16.556283273115863,,,isotropic,17789
cg01,mentalis,0.10207086775983322,0.050765608200565054,0.007790054105157568,0.08822586527646464,21.081109047279813,0.08308543783239294,2.174,pca,3226
cg01,depressor_anguli_oris,0.16929376756187184,0.087347536480508,0.02306289900762815,0.11769868900725747,14.1571545646026,,,isotropic,13347
cg01,platysma,0.17150660104257648,0.0718386340935698,0.027887863247275543,0.13673322276697472,13.809176199865759,,,isotropic,37401
cg01,sternocleidomastoid,0.17354746557966858,0.07707961686974302,0.02634871927265099,0.13387632990841672,14.118885753826413,0.08539479642797859,1.724,pca,45844
cg02,masseter,0.20874771288584662,0.09973571504925599,0.027832503043076006,0.1354884913891666,13.747002837591626,,,isotropic,32633
cg02,temporalis,0.29972340574457657,0.1367136117332799,0.042404903947841105,0.21135409833697516,13.95189179542105,,,isotropic,200000
cg02,medial_pterygoid,0.2107979025182509,0.1044452625014643,0.04550121802757896,0.1493948016415081,10.326249269764071,0.12125690838830289,2.536,pca,18993
cg02,lateral_pterygoid,0.2091786549142286,0.10078622758057809,0.03076475134573763,0.19273591505737098,15.938184816181487,,,isotropic,16134
cg02,orbicularis_oris,0.18123864560603503,0.08241166412505653,0.023396537484085933,0.15812557060664467,16.597010318701322,,,isotropic,25336
cg02,buccinator,0.1981221443521955,0.09945611238704867,0.024719897091021775,0.1659825050379233,16.540313125994256,,,isotropic,17789
cg02,mentalis,0.0888236658950028,0.04430405174857703,0.007438161190027083,0.07672326536818487,20.26922985387445,0.07318893282822168,2.174,pca,3226
cg02,depressor_anguli_oris,0.15038409822030246,0.0763818667060171,0.020446631536555657,0.10441030302554498,14.162431708967354,,,isotropic,13347
cg02,platysma,0.1523412876326624,0.06432534952620343,0.028271149515755104,0.12291276988113499,12.765070766576871,,,isotropic,37401
cg02,sternocleidomastoid,0.16578317746446602,0.07498721599924568,0.024704633601292457,0.1289343826328651,14.351806558479698,0.08125635810164504,1.724,pca,45844
cg03,masseter,0.19060400125246724,0.08930285359225693,0.025440007527760634,0.11580907255325598,13.16450696266231,,,isotropic,32633
cg03,temporalis,0.26597077145744025,0.12870672335793157,0.034895835583027786,0.1959667544629724,14.988175960894752,,,isotropic,200000
cg03,medial_pterygoid,0.202936893312763,0.10155812295920497,0.04477357980264518,0.14076449922612347,9.949426410599013,0.12053613120573232,2.536,pca,18993
cg03,lateral_pterygoid,0.1955094289058936,0.09511362479359911,0.028722164137994426,0.17626741813354466,15.759097670561744,,,isotropic,16134
cg03,orbicularis_oris,0.17538699143004488,0.07890743220925439,0.02277453928904852,0.15380205466105665,16.590250739991852,,,isotropic,25336
cg03,buccinator,0.1930931117758304,0.09644620713150273,0.023889964564255947,0.16232719571544232,16.643515609881913,,,isotropic,17789
cg03,mentalis,0.08587408453678752,0.04316057961964785,0.006535287938275741,0.07423070199967245,21.106376815485383,0.07115538949495696,2.174,pca,3226
cg03,depressor_anguli_oris,0.14633668761135102,0.07399198451011975,0.021149296519020835,0.10139705654610943,13.614588437430143,,,isotropic,13347
cg03,platysma,0.149611594355365,0.063960653649477,0.030617290504071134,0.12209614667758065,12.014704060704611,,,isotropic,37401
cg03,sternocleidomastoid,0.1741974054510319,0.0807862869224423,0.023291581870124853,0.1355675216095475,15.299133429303547,0.08395788476435112,1.724,pca,45844
cg04,masseter,0.190914618303274,0.08884444139802661,0.026660310661855285,0.11886794632601767,12.983991074535577,,,isotropic,32633
cg04,temporalis,0.24925310797357286,0.12262280270655745,0.03224503345100012,0.1910426565164637,15.453350334012663,,,isotropic,200000
cg04,medial_pterygoid,0.21619081178183797,0.1068788064092939,0.04891094752881997,0.14319420252721046,9.330387177098267,0.13099883384819758,2.536,pca,18993
cg04,lateral_pterygoid,0.19788358805449216,0.09479825266542007,0.031979265418002674,0.1740034921736223,14.713789618740993,,,isotropic,16134
cg04,orbicularis_oris,0.1846922254226724,0.08325345172638446,0.02327294365164568,0.16198118262320027,16.85226494840478,,,isotropic,25336
cg04,buccinator,0.2074600562719349,0.10204518787604644,0.024656000612338993,0.17776407201208227,17.158427157242993,,,isotropic,17789
cg04,mentalis,0.09017653432925786,0.046275044853615804,0.007342162609686916,0.07812563742019092,20.53939149952624,0.07559018928559165,2.174,pca,3226
cg04,depressor_anguli_oris,0.1549357007229648,0.07932531636310294,0.023620817008568062,0.10816888254231888,13.21614856088747,,,isotropic,13347
cg04,platysma,0.16254673816738607,0.06992708113237181,0.03356742756793265,0.13313340775271396,11.967379762254852,,,isotropic,37401
cg04,sternocleidomastoid,0.2070363099136629,0.09710580994952969,0.025881682583853996,0.15961839790770477,15.801808816246703,0.09976367959792011,1.724,pca,45844
cg05,masseter,0.17445311508389397,0.07975019443094956,0.029240113735642843,0.11231786106049359,11.689395335045187,,,isotropic,32633
cg05,temporalis,0.20320456498012157,0.09641796828416502,0.025578511941278987,0.16297511362010175,16.084920343576297,,,isotropic,200000
cg05,medial_pterygoid,0.2014866420513055,0.09587848987262643,0.04760351333595532,0.12750886706263784,8.558027607101232,0.12341096087250325,2.536,pca,18993
cg05,lateral_pterygoid,0.17037384472217976,0.07993885688981889,0.029173452746090813,0.14866034730020702,14.144146222787715,,,isotropic,16134
cg05,orbicularis_oris,0.16665848141867715,0.07491308435220012,0.021798584084366964,0.14598479963115102,16.517587059272426,,,isotropic,25336
cg05,buccinator,0.19214885710345753,0.09174969437700314,0.021899723917155292,0.16613958201890736,17.600689473029593,,,isotropic,17789
cg05,mentalis,0.08195871905699849,0.04241374496473103,0.007423073413413184,0.07078193756652418,19.5867738205786,0.06863100848252958,2.174,pca,3226
cg05,depressor_anguli_oris,0.14066190345514634,0.07259045877356342,0.02260412257020247,0.09933878676840735,12.858623960819685,,,isotropic,13347
cg05,platysma,0.15399788277696264,0.0664654689252173,0.03316012403565784,0.12755542073232412,11.701655464414358,,,isotropic,37401
cg05,sternocleidomastoid,0.21278052654962423,0.10020355182568998,0.02768503124247244,0.1596165726435645,15.21665926528885,0.1028709689474352,1.724,pca,45844
cg06,masseter,0.2030694709692708,0.08847571395892695,0.04234067946796153,0.13667756705030937,10.178788326607059,,,isotropic,32633
cg06,temporalis,0.19480302657655427,0.09293805049170417,0.02580491903906041,0.15988584535978573,15.842150333212249,,,isotropic,200000
cg06,medial_pterygoid,0.22340459421396483,0.10310865324704699,0.054211253813014046,0.13990441759716982,8.234839520667471,0.1390688438476277,2.536,pca,18993
cg06,lateral_pterygoid,0.17452452573770422,0.08174803842441189,0.031717742677060436,0.15148369979865337,13.58127264545491,,,isotropic,16134
cg06,orbicularis_oris,0.18018359184581031,0.08192994253469343,0.02400159952739387,0.1570071894614702,16.3135870866254,,,isotropic,25336
cg06,buccinator,0.21432727416051506,0.09993614912924248,0.022379561448009642,0.18606283453754988,18.396161220895355,,,isotropic,17789
cg06,mentalis,0.09001301048482664,0.04722813863416219,0.008501606957161163,0.07734968766435923,19.1791508280421,0.07451138057523114,2.174,pca,3226
cg06,depressor_anguli_oris,0.15183284658898843,0.08078697113411722,0.02414053703787893,0.1087560332814948,13.074128632493093,,,isotropic,13347
cg06,platysma,0.17802343403826992,0.07572695215524905,0.03630267740978543,0.14775730681710586,12.192206202159731,,,isotropic,37401
cg06,sternocleidomastoid,0.2604699385462637,0.12043616766300719,0.033590761804081055,0.18817651244560063,14.966911240027873,0.13176212628825296,1.724,pca,45844
cg07,masseter,0.22738432349678162,0.10018693589994915,0.0574899229979983,0.1499995015412821,8.3299617783027,,,isotropic,32633
cg07,temporalis,0.18208068267329597,0.0859222701515234,0.027341712897258147,0.14778213243469743,14.655924205861876,,,isotropic,200000
cg07,medial_pterygoid,0.2385736344298376,0.10762888375600611,0.06021032089126483,0.15003608793725767,7.930495799611601,0.1487510629423112,2.536,pca,18993
cg07,lateral_pterygoid,0.17330073137800855,0.08217306076621639,0.0337161267334729,0.14863164714747204,12.885472261876409,,,isotropic,16134
cg07,orbicularis_oris,0.18734404942632873,0.08585696620251874,0.024511104952672103,0.16226862850265644,16.417433519291595,,,isotropic,25336
cg07,buccinator,0.2299868244750665,0.1056910706537825,0.023820993164652155,0.19925122832940195,18.448822857848263,,,isotropic,17789
cg07,mentalis,0.09572930571225348,0.050051337434358426,0.008193861698934391,0.0816548419560434,19.969866263487777,0.07806896502877339,2.174,pca,3226
cg07,depressor_anguli_oris,0.15957083178467268,0.08621352671485549,0.025824024793899805,0.11583660669059004,13.036437936696515,,,isotropic,13347
cg07,platysma,0.19497408240520409,0.08173462502995923,0.03673596334398691,0.1609916378249461,12.83423771205637,,,isotropic,37401
cg07,sternocleidomastoid,0.29528962654005547,0.13190422612683245,0.03968627224065041,0.20212599879814103,14.139637434636438,0.15423769918989397,1.724,pca,45844
cg08,masseter,0.27600999269167364,0.12892963601363597,0.07630146594010473,0.18110292839796535,7.50785181835763,,,isotropic,32633
cg08,temporalis,0.20428860679082364,0.09506926584886771,0.03436567657355639,0.16536433515839874,13.646339013058297,,,isotropic,200000
cg08,medial_pterygoid,0.28744149565907406,0.12949896720992335,0.07362102104937113,0.18149103279244477,7.837066713305381,0.17887493086913087,2.536,pca,18993
cg08,lateral_pterygoid,0.2000776941848312,0.09954706214977385,0.04226164615150694,0.17487995986674434,12.33587271005705,,,isotropic,16134
cg08,orbicularis_oris,0.22593655209624094,0.10566690441346699,0.0292370965676143,0.19428705026620594,16.450192250663466,,,isotropic,25336
cg08,buccinator,0.2858786635833124,0.13081987253425642,0.028978210602790024,0.24517676298376911,18.548154849217905,,,isotropic,17789
cg08,mentalis,0.11824494179806463,0.06170766043874276,0.01051855338017558,0.10079038307468297,19.629261611159826,0.09620563336246642,2.174,pca,3226
cg08,depressor_anguli_oris,0.20023843077549933,0.10712099485568582,0.031674249533676785,0.1452061510401545,13.225573599315755,,,isotropic,13347
cg08,platysma,0.2394080227872384,0.09973697336989339,0.038875726336454926,0.197126418756199,14.101326315518163,,,isotropic,37401
cg08,sternocleidomastoid,0.3497822586039121,0.15103484733271638,0.04769594531932914,0.23634199545445184,13.90118874392762,0.18990184263047005,1.724,pca,45844
cg09,masseter,0.288454944320044,0.13858081741685607,0.08686304842595065,0.18202016591587722,6.425688784137165,,,isotropic,32633
cg09,temporalis,0.21102301071990673,0.09936570458979721,0.03826817796716896,0.1741761376665271,13.163017418091167,,,isotropic,200000
cg09,medial_pterygoid,0.2977935064119658,0.1357209555220107,0.07669713047260815,0.189941841642521,7.876830577274587,0.1853920862916752,2.536,pca,18993
cg09,lateral_pterygoid,0.2170331852962924,0.108155446450545,0.04845584629130904,0.195594180581441,12.120194925527256,,,isotropic,16134
cg09,orbicularis_oris,0.24562220261060966,0.11444986646204422,0.030410308734884345,0.20993355747325654,16.781220720117368,,,isotropic,25336
cg09,buccinator,0.3113557608274085,0.14442350222287909,0.031587631315043,0.26620379554345314,18.51394366006418,,,isotropic,17789
cg09,mentalis,0.12949417170556743,0.06756684742632829,0.011870797437026886,0.11019708991519629,19.35380463117862,0.10593046942639074,2.174,pca,3226
cg09,depressor_anguli_oris,0.2250684988475622,0.1174256780886053,0.034535002847560725,0.16039686879195023,13.338727794876544,,,isotropic,13347
cg09,platysma,0.25362640461180425,0.10693876835507252,0.03706271459264602,0.2089878221273732,15.02367509834781,,,isotropic,37401
cg09,sternocleidomastoid,0.3407096230097243,0.14223393235940868,0.048166221913893255,0.23155321508600762,13.638164665003723,0.18599762071066192,1.724,pca,45844
cg10,masseter,0.2917475997882987,0.13464483827410412,0.10044939659644048,0.202466663294896,6.088123867247375,,,isotropic,32633
cg10,temporalis,0.22401715432966351,0.10789089520603617,0.043187257284571304,0.18187270223063715,12.488237911066884,,,isotropic,200000
cg10,medial_pterygoid,0.2918079400969795,0.13615170448212377,0.07225583283146085,0.18899609660638841,8.35159847017528,0.17683954730532397,2.536,pca,18993
cg10,lateral_pterygoid,0.24111810654347227,0.11453683576320806,0.054387878390715724,0.21848794286278175,12.078507157066255,,,isotropic,16134
cg10,orbicularis_oris,0.2659749484994579,0.12532432619254685,0.03187769296889262,0.2280489705938828,17.09082465596332,,,isotropic,25336
cg10,buccinator,0.3254762961776069,0.15294731427867797,0.03459423104168218,0.2794057006926589,18.14463162335214,,,isotropic,17789
cg10,mentalis,0.1396280793394888,0.07179868720162505,0.012054368091151088,0.11954118375112957,19.927462063736634,0.1151818716537676,2.174,pca,3226
cg10,depressor_anguli_oris,0.238878333839624,0.12508140863908343,0.037512938321597036,0.17186692002451,13.220224223643893,,,isotropic,13347
cg10,platysma,0.2551905800030303,0.11085187437169064,0.03537456963193035,0.2091810911450944,15.436625182798092,,,isotropic,37401
cg10,sternocleidomastoid,0.28492383488983164,0.1193326967800972,0.04080975880035407,0.19937762843071655,13.778247957371297,0.15276141862312362,1.724,pca,45844
earlobe_ipsi,masseter,0.27853506923773264,0.1329773263511192,0.0901236831209977,0.17223798880973754,5.625800275364962,,,isotropic,32633
earlobe_ipsi,temporalis,0.2120498815645207,0.10341405032074535,0.04231707989520385,0.17372235594787952,12.266800380512095,,,isotropic,200000
earlobe_ipsi,medial_pterygoid,0.2893716140390579,0.1339702306300914,0.07269513480727302,0.18271338184982347,8.005300196178942,0.17726820738222746,2.536,pca,18993
earlobe_ipsi,lateral_pterygoid,0.23405426819748704,0.11198739586010403,0.051313992973003035,0.21039930286239697,12.256169722216654,,,isotropic,16134
earlobe_ipsi,orbicularis_oris,0.24438531249947543,0.1153356757164645,0.03065788780860031,0.2095547693373971,16.695106379123146,,,isotropic,25336
earlobe_ipsi,buccinator,0.30661007929608214,0.14338003645987116,0.03213215814425458,0.26380260559348884,18.286783700544923,,,isotropic,17789
earlobe_ipsi,mentalis,0.12685183076015824,0.06628430488837969,0.011326289102104148,0.1087367607520988,19.645774971249384,0.10470278770515996,2.174,pca,3226
earlobe_ipsi,depressor_anguli_oris,0.2220564789170283,0.11540806170694907,0.034094236753172844,0.1586921582583927,13.357489882092938,,,isotropic,13347
earlobe_ipsi,platysma,0.24087911015560518,0.10221989165730214,0.03383371395242491,0.1981319822338684,15.352098225351305,,,isotropic,37401
earlobe_ipsi,sternocleidomastoid,0.30452234533762074,0.12638767033344028,0.041912701578390096,0.21581769386814253,14.234827847517575,0.16097866450661555,1.724,pca,45844
hyoid,masseter,0.21753315544617172,0.11147368707973067,0.030906170722895136,0.17515030356139252,15.067313901532554,,,isotropic,32633
hyoid,temporalis,0.10773241080167187,0.049216525308161244,0.013435594605489938,0.08137305041582582,15.644474105780473,,,isotropic,200000
hyoid,medial_pterygoid,0.37273639805695197,0.15925356990174472,0.053604205841995205,0.329072916576472,15.761865482947552,0.10103155421126583,2.536,pca,18993
hyoid,lateral_pterygoid,0.18623956350799217,0.08903996014418762,0.02872507285971331,0.13559777165085146,13.479828273463582,,,isotropic,16134
hyoid,orbicularis_oris,0.24384199957846173,0.10160175142433103,0.039966989679756315,0.20849515958801312,14.347890770206085,,,isotropic,25336
hyoid,buccinator,0.3245558512697266,0.14904171358939133,0.052636248492686055,0.2813574980094756,14.559471295951283,,,isotropic,17789
hyoid,mentalis,0.35314772800146765,0.16196878245255064,0.034850651044776325,0.343202950881661,19.86680235446602,0.06555364713601315,2.174,pca,3226
hyoid,depressor_anguli_oris,0.539748211351476,0.21928720688163816,0.06846476137774375,0.4810484493640965,16.934434404472306,,,isotropic,13347
hyoid,platysma,0.7012828075098441,0.344827024563671,0.223865011581908,0.42914500849318604,5.652356871356509,,,isotropic,37401
hyoid,sternocleidomastoid,0.2614722217807565,0.11275710820581947,0.03712596819039855,0.19495951499570777,14.405332950888559,0.08630200845306094,1.724,pca,45844
mastoid,masseter,0.21744698062082762,0.098148466081733,0.04789359955848836,0.14299489808283739,9.500861276560505,,,isotropic,32633
mastoid,temporalis,0.19282824137060103,0.09459483223896434,0.03140018598779896,0.15388561490804745,13.80531607586744,,,isotropic,200000
mastoid,medial_pterygoid,0.2324142795204711,0.10809653477710962,0.056301254425986304,0.14468434230334637,8.198069262781308,0.14347033746472096,2.536,pca,18993
mastoid,lateral_pterygoid,0.18174178412623998,0.09024018474959634,0.03665752003873523,0.16194178950097107,12.903917067782508,,,isotropic,16134
mastoid,orbicularis_oris,0.1852278138847749,0.08483473206319281,0.02431793684253153,0.160462533796883,16.38893838974142,,,isotropic,25336
mastoid,buccinator,0.22448443051618971,0.10475044422840701,0.023416168834739126,0.19504110104478303,18.412205983604927,,,isotropic,17789
mastoid,mentalis,0.09260432571228892,0.04854245344496964,0.00834776166495062,0.07945393484925123,19.5709073759769,0.07686048449123671,2.174,pca,3226
mastoid,depressor_anguli_oris,0.15857609790234753,0.0840520384963529,0.025695030840314517,0.1140728327035056,12.94666165958818,,,isotropic,13347
mastoid,platysma,0.17900545973786983,0.07697271221147696,0.03266273030759917,0.14651055846432237,13.036328775875782,,,isotropic,37401
mastoid,sternocleidomastoid,0.2598868371703979,0.11497016482007155,0.03408568267518534,0.1892714184857205,14.890260807500272,0.1314320875898224,1.724,pca,45844
mental,masseter,0.39021813401686156,0.17136681453635674,0.0663367130883763,0.329956129361248,13.93404502908567,,,isotropic,32633
mental,temporalis,0.14095886885967807,0.06847417842873801,0.017621221805051247,0.09693467326854696,14.808862658765259,,,isotropic,200000
mental,medial_pterygoid,0.29010210421092897,0.13026896324695647,0.046782956800121456,0.2451518690424375,14.386950836475487,0.12215120049524074,2.536,pca,18993
mental,lateral_pterygoid,0.2006606239991644,0.0866983976989869,0.02094139797422355,0.16757201067927477,18.06391620920833,,,isotropic,16134
mental,orbicularis_oris,0.8775622882420819,0.3476249283488664,0.13615215930562594,0.7049559906499413,14.282749441122476,,,isotropic,25336
mental,buccinator,1.0987588729378897,0.48202862613675135,0.11112360584597764,1.0072838413691285,19.146910835668777,,,isotropic,17789
mental,mentalis,1.9230256903943765,0.893409499833611,0.16214666226168123,1.7241375370898433,20.533277878421398,0.8564981881091023,2.174,pca,3226
mental,depressor_anguli_oris,1.4303742199598646,0.6331976472814373,0.2676931324751714,1.1890451053007023,12.951221994904651,,,isotropic,13347
mental,platysma,0.7434099223353668,0.33318685984099305,0.12971615649126572,0.660436236734885,14.136736441575126,,,isotropic,37401
mental,sternocleidomastoid,0.17875878156657066,0.0788725492448426,0.025938694631066288,0.13935571064275856,14.603533079239844,0.06546662192989627,1.724,pca,45844
midjaw,masseter,0.33896804448789136,0.1503204471496311,0.058908774711958836,0.29616242552718286,14.026999372412268,,,isotropic,32633
midjaw,temporalis,0.22369651366124782,0.10644926162227275,0.03294967768437161,0.16758678159867302,14.127771800524032,,,isotropic,200000
midjaw,medial_pterygoid,0.28433133642955155,0.12833130950241106,0.06658270295156145,0.21070885978420079,10.00642750917821,0.16959688699393624,2.536,pca,18993
midjaw,lateral_pterygoid,0.21546218379011017,0.10412524237751747,0.03759991413849188,0.19890289279897452,14.469084925173515,,,isotropic,16134
midjaw,orbicularis_oris,0.3885059287503965,0.18244232197835658,0.04586128156968329,0.33871082117365975,17.367657701219763,,,isotropic,25336
midjaw,buccinator,0.34378404040584026,0.16945320215435647,0.04121453990223607,0.276964239217893,16.547464838607244,,,isotropic,17789
midjaw,mentalis,0.21299797432052076,0.10731184476898672,0.017777587927423705,0.1856553674413388,20.376693484205838,0.17852082043260478,2.174,pca,3226
midjaw,depressor_anguli_oris,0.3163957113849406,0.16744442222117917,0.04834363463760403,0.2308500471721324,13.579813372147866,,,isotropic,13347
midjaw,platysma,0.32656230693257265,0.14312414689620334,0.03920070824422122,0.26660542838169715,16.651501486778642,,,isotropic,37401
midjaw,sternocleidomastoid,0.23624713982579418,0.10432625325761155,0.03595659339423437,0.1553802506357556,12.712345572856131,0.12321393323215943,1.724,pca,45844
post_lobule,masseter,0.26810100827982647,0.1260371628350041,0.07398901178194352,0.17573273567401035,7.513708861023715,,,isotropic,32633
post_lobule,temporalis,0.19744600284028313,0.09194220288630138,0.03333324645700581,0.16042647434819418,13.647968516890124,,,isotropic,200000
post_lobule,medial_pterygoid,0.2790536649886584,0.12568268479153027,0.07158071556909607,0.17620863858242514,7.824623203903878,0.17375833043029637,2.536,pca,18993
post_lobule,lateral_pterygoid,0.1933566258003631,0.09632036680017964,0.04089684198015331,0.1693527908411257,12.342051690563938,,,isotropic,16134
post_lobule,orbicularis_oris,0.21960049402728793,0.10290688306469008,0.02838656320940693,0.18857710217254353,16.44752285016052,,,isotropic,25336
post_lobule,buccinator,0.2780546060278389,0.12724913135527122,0.028280060903958026,0.2381692770381676,18.508107958884658,,,isotropic,17789
post_lobule,mentalis,0.11509023092308018,0.060148558896170524,0.010361258303013047,0.09817397480656276,19.531677482543802,0.09362971184697155,2.174,pca,3226
post_lobule,depressor_anguli_oris,0.19510414120931782,0.10417200580415284,0.030836919028162713,0.14146364232870828,13.231477109226562,,,isotropic,13347
post_lobule,platysma,0.23298912130883748,0.09725705449594746,0.037528064981995415,0.19215879528753743,14.1860819074766,,,isotropic,37401
post_lobule,sternocleidomastoid,0.3401993558077994,0.14617182437401977,0.04633167945294076,0.22856251473255587,13.862539253449038,0.18539601871534792,1.724,pca,45844
pre_tragus,masseter,0.28755455871585345,0.14298859924856244,0.05365778099297185,0.22802466936450858,12.566982522577291,,,isotropic,32633
pre_tragus,temporalis,0.2924676993131349,0.12573480451360936,0.06476828569103144,0.1939661341714278,9.527270161089037,,,isotropic,200000
pre_tragus,medial_pterygoid,0.27001788529507176,0.12798163016323927,0.058123160669572314,0.17995532861274635,9.81630976542394,0.14202637334396354,2.536,pca,18993
pre_tragus,lateral_pterygoid,0.26180466678095904,0.12033210877568709,0.04462865435036568,0.24355340272959172,14.739608188613031,,,isotropic,16134
pre_tragus,orbicularis_oris,0.24835460098272039,0.115453583592559,0.0281625107331711,0.21623366078394674,17.705038612618424,,,isotropic,25336
pre_tragus,buccinator,0.27455189356883586,0.13375708155289914,0.031982901141437294,0.233843871087765,17.280162722229345,,,isotropic,17789
pre_tragus,mentalis,0.12471396370859683,0.06179974163631692,0.00951999298307064,0.10653867217464252,20.977413029088083,0.10165681921600776,2.174,pca,3226
pre_tragus,depressor_anguli_oris,0.20009385169527585,0.10576347480570014,0.02947151282061833,0.14358787137958504,13.754306557694623,,,isotropic,13347
pre_tragus,platysma,0.20062377834869333,0.08798614444231828,0.02805825626146096,0.1635426654379477,15.31140788515468,,,isotropic,37401
pre_tragus,sternocleidomastoid,0.1931816015409487,0.08066424678819155,0.029033712512850227,0.14104912272780093,13.729356343057603,0.09760070663376097,1.724,pca,45844
submaxillary,masseter,0.3374572074299634,0.14788278613104117,0.05811255063413888,0.28941092615152064,13.94489970892456,,,isotropic,32633
submaxillary,temporalis,0.1376676559994199,0.06503545804565453,0.017914703999880783,0.1051983707159698,15.375987536204505,,,isotropic,200000
submaxillary,medial_pterygoid,0.3198424418402582,0.14129558341180776,0.054026077975386874,0.28269212936816196,14.374205521876481,0.13673366987436641,2.536,pca,18993
submaxillary,lateral_pterygoid,0.18576649315915517,0.08608912320010922,0.02570905471800512,0.1415656795646605,14.81743738903715,,,isotropic,16134
submaxillary,orbicularis_oris,0.5197246011356184,0.21335500397384488,0.08333054914583582,0.44313261234343787,14.514589385725197,,,isotropic,25336
submaxillary,buccinator,0.6357964259792424,0.28568928214889233,0.08434719575909844,0.5866688621974728,16.846447799034692,,,isotropic,17789
submaxillary,mentalis,0.5757734785099365,0.27006217652698933,0.05455775041655067,0.5254712633931853,19.673850317913292,0.36201683973897014,2.174,pca,3226
submaxillary,depressor_anguli_oris,0.8008060874754256,0.3497420512182714,0.14539843981246595,0.651031455353547,13.020844522872906,,,isotropic,13347
submaxillary,platysma,0.6952551656746071,0.31064748255859986,0.11219114673086229,0.5406169197634846,13.65862093369329,,,isotropic,37401
submaxillary,sternocleidomastoid,0.2115614039888658,0.09946804133270598,0.03069182139016411,0.16898106059927673,14.816307388606006,0.07310438217522039,1.724,pca,45844
submental_lat,masseter,0.31903479759045267,0.1504675878949541,0.062226700739396776,0.2713193390424546,12.790079502402552,,,isotropic,32633
submental_lat,temporalis,0.12744581481997197,0.060983986343586816,0.016349957371682357,0.09228381975889438,15.032178752052252,,,isotropic,200000
submental_lat,medial_pterygoid,0.30078793307953045,0.13348278653192225,0.05295512699204826,0.26265292299502147,13.909484489107607,0.1174353529319788,2.536,pca,18993
submental_lat,lateral_pterygoid,0.1829665243330241,0.08434390180879914,0.02446929779649035,0.1443484262373028,15.415810937927276,,,isotropic,16134
submental_lat,orbicularis_oris,0.709300161147069,0.26786537267530247,0.12485351812334876,0.5854858425491712,13.422312271656956,,,isotropic,25336
submental_lat,buccinator,0.8957730829326078,0.3852119707086971,0.10463002324988237,0.8242648847792305,17.928209533181775,,,isotropic,17789
submental_lat,mentalis,1.3201521707854915,0.6191963380716274,0.12126828420265857,1.2367406180339606,20.1706278318575,0.5801299178086767,2.174,pca,3226
submental_lat,depressor_anguli_oris,1.231154112274293,0.5484860474806043,0.2078102978307063,0.9924154819693441,13.5805293198278,,,isotropic,13347
submental_lat,platysma,0.8519652206856391,0.32969108409808845,0.13228865780719906,0.6710448000751403,14.104578104244093,,,isotropic,37401
submental_lat,sternocleidomastoid,0.18098790967632536,0.08184307097963812,0.026975467588770813,0.14159777518335087,14.401748965129425,0.06398551068284888,1.724,pca,45844
submental_mid,masseter,0.3308257174214755,0.14822909203625806,0.05685319333908377,0.2773580864136799,13.765719381723194,,,isotropic,32633
submental_mid,temporalis,0.12295228596433025,0.05963061888923296,0.015410746117723879,0.08687211460491376,15.021134545617798,,,isotropic,200000
submental_mid,medial_pterygoid,0.3028474917184749,0.13335923754605306,0.04896686803559278,0.26335785431877995,14.612878962624851,0.11174981364592503,2.536,pca,18993
submental_mid,lateral_pterygoid,0.18400014721996877,0.08507075151661783,0.023669939423386018,0.14651617497049313,15.833768514840651,,,isotropic,16134
submental_mid,orbicularis_oris,0.7148859305583487,0.26790948899026323,0.11879671175537809,0.5877547387656679,13.887834391763414,,,isotropic,25336
submental_mid,buccinator,0.9051003424614342,0.4000535513328846,0.11292780383840412,0.8244386937613317,17.267149684814576,,,isotropic,17789
submental_mid,mentalis,1.7282880979747597,0.7953469465851835,0.12337087308114605,1.6354804195336718,22.448654215825616,0.4108336146275605,2.174,pca,3226
submental_mid,depressor_anguli_oris,1.4241680919271325,0.5911844133426425,0.24643010707095672,1.1266189752962257,13.201665918326244,,,isotropic,13347
submental_mid,platysma,0.7956981554706415,0.33941016280467706,0.16455981419818022,0.6485217123120601,11.912014647603556,,,isotropic,37401
submental_mid,sternocleidomastoid,0.17870074962410643,0.07896969882520016,0.02598593466662314,0.13902023881608622,14.566793760164046,0.06185911688059812,1.724,pca,45844
